dataset,batch_size,technique,phase,duration_seconds,type
synthetic_dataset_with_parallel_drifts_abrupt,1000,HDDDM,drift_detection,0.4251397909829393,technique_timing
synthetic_dataset_with_parallel_drifts_abrupt,1000,KSDDM_95,drift_detection,1.8963386249961331,technique_timing
synthetic_dataset_with_parallel_drifts_abrupt,1000,KSDDM_90,drift_detection,1.738484708010219,technique_timing
synthetic_dataset_with_parallel_drifts_abrupt,1000,JSDDM,drift_detection,0.37455824998323806,technique_timing
synthetic_dataset_with_parallel_drifts_abrupt,1500,HDDDM,drift_detection,0.3377567080024164,technique_timing
synthetic_dataset_with_parallel_drifts_abrupt,1500,KSDDM_95,drift_detection,1.3384385829849634,technique_timing
synthetic_dataset_with_parallel_drifts_abrupt,1500,KSDDM_90,drift_detection,1.318551624979591,technique_timing
synthetic_dataset_with_parallel_drifts_abrupt,1500,JSDDM,drift_detection,0.3195058749988675,technique_timing
synthetic_dataset_with_parallel_drifts_abrupt,2000,HDDDM,drift_detection,0.3817351250036154,technique_timing
synthetic_dataset_with_parallel_drifts_abrupt,2000,KSDDM_95,drift_detection,1.207476667012088,technique_timing
synthetic_dataset_with_parallel_drifts_abrupt,2000,KSDDM_90,drift_detection,1.079692208004417,technique_timing
synthetic_dataset_with_parallel_drifts_abrupt,2000,JSDDM,drift_detection,0.26868375000776723,technique_timing
synthetic_dataset_with_parallel_drifts_abrupt,2500,HDDDM,drift_detection,0.270203499996569,technique_timing
synthetic_dataset_with_parallel_drifts_abrupt,2500,KSDDM_95,drift_detection,1.4142785830190405,technique_timing
synthetic_dataset_with_parallel_drifts_abrupt,2500,KSDDM_90,drift_detection,1.3806953750026878,technique_timing
synthetic_dataset_with_parallel_drifts_abrupt,2500,JSDDM,drift_detection,0.32646187499631196,technique_timing
synthetic_dataset_with_switching_drifts_incremental,1000,HDDDM,drift_detection,0.43403087501064874,technique_timing
synthetic_dataset_with_switching_drifts_incremental,1000,KSDDM_95,drift_detection,1.2629277079831809,technique_timing
synthetic_dataset_with_switching_drifts_incremental,1000,KSDDM_90,drift_detection,1.184246416989481,technique_timing
synthetic_dataset_with_switching_drifts_incremental,1000,JSDDM,drift_detection,0.39263566699810326,technique_timing
synthetic_dataset_with_switching_drifts_incremental,1500,HDDDM,drift_detection,0.36738316700211726,technique_timing
synthetic_dataset_with_switching_drifts_incremental,1500,KSDDM_95,drift_detection,0.9668599159922451,technique_timing
synthetic_dataset_with_switching_drifts_incremental,1500,KSDDM_90,drift_detection,1.0723658750066534,technique_timing
synthetic_dataset_with_switching_drifts_incremental,1500,JSDDM,drift_detection,0.33624812500784174,technique_timing
synthetic_dataset_with_switching_drifts_incremental,2000,HDDDM,drift_detection,0.3269150420092046,technique_timing
synthetic_dataset_with_switching_drifts_incremental,2000,KSDDM_95,drift_detection,1.0493444160092622,technique_timing
synthetic_dataset_with_switching_drifts_incremental,2000,KSDDM_90,drift_detection,0.942830749991117,technique_timing
synthetic_dataset_with_switching_drifts_incremental,2000,JSDDM,drift_detection,0.279136708995793,technique_timing
synthetic_dataset_with_switching_drifts_incremental,2500,HDDDM,drift_detection,0.2974648750096094,technique_timing
synthetic_dataset_with_switching_drifts_incremental,2500,KSDDM_95,drift_detection,0.8401073330023792,technique_timing
synthetic_dataset_with_switching_drifts_incremental,2500,KSDDM_90,drift_detection,0.8502620000217576,technique_timing
synthetic_dataset_with_switching_drifts_incremental,2500,JSDDM,drift_detection,0.26505762498709373,technique_timing
synthetic_dataset_with_parallel_drifts_incremental,1000,HDDDM,drift_detection,0.4192984580004122,technique_timing
synthetic_dataset_with_parallel_drifts_incremental,1000,KSDDM_95,drift_detection,1.7846167919924483,technique_timing
synthetic_dataset_with_parallel_drifts_incremental,1000,KSDDM_90,drift_detection,1.5796375830250327,technique_timing
synthetic_dataset_with_parallel_drifts_incremental,1000,JSDDM,drift_detection,0.3877500840171706,technique_timing
synthetic_dataset_with_parallel_drifts_incremental,1500,HDDDM,drift_detection,0.340334584005177,technique_timing
synthetic_dataset_with_parallel_drifts_incremental,1500,KSDDM_95,drift_detection,1.2619411670020781,technique_timing
synthetic_dataset_with_parallel_drifts_incremental,1500,KSDDM_90,drift_detection,1.2069956670165993,technique_timing
synthetic_dataset_with_parallel_drifts_incremental,1500,JSDDM,drift_detection,0.32036033301847056,technique_timing
synthetic_dataset_with_parallel_drifts_incremental,2000,HDDDM,drift_detection,0.2935639579955023,technique_timing
synthetic_dataset_with_parallel_drifts_incremental,2000,KSDDM_95,drift_detection,1.2271340409934055,technique_timing
synthetic_dataset_with_parallel_drifts_incremental,2000,KSDDM_90,drift_detection,1.0318002919957507,technique_timing
synthetic_dataset_with_parallel_drifts_incremental,2000,JSDDM,drift_detection,0.30006670800503343,technique_timing
synthetic_dataset_with_parallel_drifts_incremental,2500,HDDDM,drift_detection,0.2571457919839304,technique_timing
synthetic_dataset_with_parallel_drifts_incremental,2500,KSDDM_95,drift_detection,1.1885186249855906,technique_timing
synthetic_dataset_with_parallel_drifts_incremental,2500,KSDDM_90,drift_detection,1.194543290999718,technique_timing
synthetic_dataset_with_parallel_drifts_incremental,2500,JSDDM,drift_detection,0.2361802919767797,technique_timing
synthetic_dataset_with_switching_drifts_abrupt,1000,HDDDM,drift_detection,0.4224828750011511,technique_timing
synthetic_dataset_with_switching_drifts_abrupt,1000,KSDDM_95,drift_detection,1.3101893750135787,technique_timing
synthetic_dataset_with_switching_drifts_abrupt,1000,KSDDM_90,drift_detection,1.4295595420117024,technique_timing
synthetic_dataset_with_switching_drifts_abrupt,1000,JSDDM,drift_detection,0.4016905000025872,technique_timing
synthetic_dataset_with_switching_drifts_abrupt,1500,HDDDM,drift_detection,0.35409316699951887,technique_timing
synthetic_dataset_with_switching_drifts_abrupt,1500,KSDDM_95,drift_detection,1.146139000018593,technique_timing
synthetic_dataset_with_switching_drifts_abrupt,1500,KSDDM_90,drift_detection,1.1055586670117918,technique_timing
synthetic_dataset_with_switching_drifts_abrupt,1500,JSDDM,drift_detection,0.45818758400855586,technique_timing
synthetic_dataset_with_switching_drifts_abrupt,2000,HDDDM,drift_detection,0.3293814999924507,technique_timing
synthetic_dataset_with_switching_drifts_abrupt,2000,KSDDM_95,drift_detection,1.2155264579923823,technique_timing
synthetic_dataset_with_switching_drifts_abrupt,2000,KSDDM_90,drift_detection,1.086145499983104,technique_timing
synthetic_dataset_with_switching_drifts_abrupt,2000,JSDDM,drift_detection,0.3161271669960115,technique_timing
synthetic_dataset_with_switching_drifts_abrupt,2500,HDDDM,drift_detection,0.2570547500217799,technique_timing
synthetic_dataset_with_switching_drifts_abrupt,2500,KSDDM_95,drift_detection,1.0863993749953806,technique_timing
synthetic_dataset_with_switching_drifts_abrupt,2500,KSDDM_90,drift_detection,1.1076700409757905,technique_timing
synthetic_dataset_with_switching_drifts_abrupt,2500,JSDDM,drift_detection,0.2406038329936564,technique_timing
synthetic_dataset_no_drifts,1000,HDDDM,drift_detection,0.4397852919937577,technique_timing
synthetic_dataset_no_drifts,1000,KSDDM_95,drift_detection,2.1218747080129106,technique_timing
synthetic_dataset_no_drifts,1000,KSDDM_90,drift_detection,1.6908451250055805,technique_timing
synthetic_dataset_no_drifts,1000,JSDDM,drift_detection,0.37438433401985094,technique_timing
synthetic_dataset_no_drifts,1500,HDDDM,drift_detection,0.33953904200461693,technique_timing
synthetic_dataset_no_drifts,1500,KSDDM_95,drift_detection,1.899292374990182,technique_timing
synthetic_dataset_no_drifts,1500,KSDDM_90,drift_detection,1.2119442920084111,technique_timing
synthetic_dataset_no_drifts,1500,JSDDM,drift_detection,0.32221470901276916,technique_timing
synthetic_dataset_no_drifts,2000,HDDDM,drift_detection,0.39733020798303187,technique_timing
synthetic_dataset_no_drifts,2000,KSDDM_95,drift_detection,1.421016290987609,technique_timing
synthetic_dataset_no_drifts,2000,KSDDM_90,drift_detection,1.4444789160043001,technique_timing
synthetic_dataset_no_drifts,2000,JSDDM,drift_detection,0.28683316698879935,technique_timing
synthetic_dataset_no_drifts,2500,HDDDM,drift_detection,0.276032124995254,technique_timing
synthetic_dataset_no_drifts,2500,KSDDM_95,drift_detection,1.1703683329978958,technique_timing
synthetic_dataset_no_drifts,2500,KSDDM_90,drift_detection,1.180818916996941,technique_timing
synthetic_dataset_no_drifts,2500,JSDDM,drift_detection,0.2494157500041183,technique_timing
MULTISTAGGER,1000,HDDDM,drift_detection,0.35915750000276603,technique_timing
MULTISTAGGER,1000,KSDDM_95,drift_detection,0.80938345901086,technique_timing
MULTISTAGGER,1000,KSDDM_90,drift_detection,0.7219695000094362,technique_timing
MULTISTAGGER,1000,JSDDM,drift_detection,0.3303319579863455,technique_timing
MULTISTAGGER,1500,HDDDM,drift_detection,0.3403362079989165,technique_timing
MULTISTAGGER,1500,KSDDM_95,drift_detection,0.5860935829987284,technique_timing
MULTISTAGGER,1500,KSDDM_90,drift_detection,0.5590341670031194,technique_timing
MULTISTAGGER,1500,JSDDM,drift_detection,0.2859725000162143,technique_timing
MULTISTAGGER,2000,HDDDM,drift_detection,0.3513917500094976,technique_timing
MULTISTAGGER,2000,KSDDM_95,drift_detection,0.5344875419978052,technique_timing
MULTISTAGGER,2000,KSDDM_90,drift_detection,0.538551333011128,technique_timing
MULTISTAGGER,2000,JSDDM,drift_detection,0.283682208013488,technique_timing
MULTISTAGGER,2500,HDDDM,drift_detection,0.29619591700611636,technique_timing
MULTISTAGGER,2500,KSDDM_95,drift_detection,0.5624154999968596,technique_timing
MULTISTAGGER,2500,KSDDM_90,drift_detection,0.5413113329850603,technique_timing
MULTISTAGGER,2500,JSDDM,drift_detection,0.2968827090226114,technique_timing
MULTISEA,1000,HDDDM,drift_detection,0.3096368749975227,technique_timing
MULTISEA,1000,KSDDM_95,drift_detection,0.8087112079956569,technique_timing
MULTISEA,1000,KSDDM_90,drift_detection,0.8161740420036949,technique_timing
MULTISEA,1000,JSDDM,drift_detection,0.37922199998865835,technique_timing
MULTISEA,1500,HDDDM,drift_detection,0.27482845800113864,technique_timing
MULTISEA,1500,KSDDM_95,drift_detection,0.7178624999942258,technique_timing
MULTISEA,1500,KSDDM_90,drift_detection,0.633721542020794,technique_timing
MULTISEA,1500,JSDDM,drift_detection,0.29235870798584074,technique_timing
MULTISEA,2000,HDDDM,drift_detection,0.24796083400724456,technique_timing
MULTISEA,2000,KSDDM_95,drift_detection,0.7862345000030473,technique_timing
MULTISEA,2000,KSDDM_90,drift_detection,0.578480041003786,technique_timing
MULTISEA,2000,JSDDM,drift_detection,0.23350870900321752,technique_timing
MULTISEA,2500,HDDDM,drift_detection,0.2776760419947095,technique_timing
MULTISEA,2500,KSDDM_95,drift_detection,0.6703681249928195,technique_timing
MULTISEA,2500,KSDDM_90,drift_detection,0.5361105420161039,technique_timing
MULTISEA,2500,JSDDM,drift_detection,0.23370479201548733,technique_timing
SEA,1000,HDDDM,drift_detection,0.3399787920061499,technique_timing
SEA,1000,KSDDM_95,drift_detection,0.918241167004453,technique_timing
SEA,1000,KSDDM_90,drift_detection,0.9064834169985261,technique_timing
SEA,1000,JSDDM,drift_detection,0.30760266599827446,technique_timing
SEA,1500,HDDDM,drift_detection,0.27484733299934305,technique_timing
SEA,1500,KSDDM_95,drift_detection,0.8510025409923401,technique_timing
SEA,1500,KSDDM_90,drift_detection,0.7016005000041332,technique_timing
SEA,1500,JSDDM,drift_detection,0.25536066701170057,technique_timing
SEA,2000,HDDDM,drift_detection,0.25733108300482854,technique_timing
SEA,2000,KSDDM_95,drift_detection,0.7687131249986123,technique_timing
SEA,2000,KSDDM_90,drift_detection,0.5998935830139089,technique_timing
SEA,2000,JSDDM,drift_detection,0.2434410419955384,technique_timing
SEA,2500,HDDDM,drift_detection,0.23181337499408983,technique_timing
SEA,2500,KSDDM_95,drift_detection,0.5660477919736877,technique_timing
SEA,2500,KSDDM_90,drift_detection,0.5591121249890421,technique_timing
SEA,2500,JSDDM,drift_detection,0.22354424998047762,technique_timing
STAGGER,1000,HDDDM,drift_detection,0.36577662502531894,technique_timing
STAGGER,1000,KSDDM_95,drift_detection,0.7181940420123283,technique_timing
STAGGER,1000,KSDDM_90,drift_detection,0.6983320839935914,technique_timing
STAGGER,1000,JSDDM,drift_detection,0.35004550000303425,technique_timing
STAGGER,1500,HDDDM,drift_detection,0.29945049999514595,technique_timing
STAGGER,1500,KSDDM_95,drift_detection,0.5529805420082994,technique_timing
STAGGER,1500,KSDDM_90,drift_detection,0.6150247079785913,technique_timing
STAGGER,1500,JSDDM,drift_detection,0.2785475409764331,technique_timing
STAGGER,2000,HDDDM,drift_detection,0.29160862500430085,technique_timing
STAGGER,2000,KSDDM_95,drift_detection,0.5448907499958295,technique_timing
STAGGER,2000,KSDDM_90,drift_detection,0.5377164169913158,technique_timing
STAGGER,2000,JSDDM,drift_detection,0.28205383400199935,technique_timing
STAGGER,2500,HDDDM,drift_detection,0.27814016700722277,technique_timing
STAGGER,2500,KSDDM_95,drift_detection,0.47948675000225194,technique_timing
STAGGER,2500,KSDDM_90,drift_detection,0.48472958299680613,technique_timing
STAGGER,2500,JSDDM,drift_detection,0.2586268330051098,technique_timing
electricity,1000,HDDDM,drift_detection,0.3688771250017453,technique_timing
electricity,1000,KSDDM_95,drift_detection,0.7611087499826681,technique_timing
electricity,1000,KSDDM_90,drift_detection,0.6826606249960605,technique_timing
electricity,1000,JSDDM,drift_detection,0.32856183301191777,technique_timing
electricity,1500,HDDDM,drift_detection,0.3146243749943096,technique_timing
electricity,1500,KSDDM_95,drift_detection,0.6340630420017987,technique_timing
electricity,1500,KSDDM_90,drift_detection,0.5601582090021111,technique_timing
electricity,1500,JSDDM,drift_detection,0.31284012499963865,technique_timing
electricity,2000,HDDDM,drift_detection,0.2878449170093518,technique_timing
electricity,2000,KSDDM_95,drift_detection,0.5736091250146274,technique_timing
electricity,2000,KSDDM_90,drift_detection,0.6434426250052638,technique_timing
electricity,2000,JSDDM,drift_detection,0.2661711669934448,technique_timing
electricity,2500,HDDDM,drift_detection,0.28518183299456723,technique_timing
electricity,2500,KSDDM_95,drift_detection,0.5313891659898218,technique_timing
electricity,2500,KSDDM_90,drift_detection,0.5406137910031248,technique_timing
electricity,2500,JSDDM,drift_detection,0.30585616698954254,technique_timing
magic,1000,HDDDM,drift_detection,0.35873704199912027,technique_timing
magic,1000,KSDDM_95,drift_detection,0.4992270840157289,technique_timing
magic,1000,KSDDM_90,drift_detection,0.47999525000341237,technique_timing
magic,1000,JSDDM,drift_detection,0.2335845000052359,technique_timing
magic,1500,HDDDM,drift_detection,0.22371395901427604,technique_timing
magic,1500,KSDDM_95,drift_detection,0.5150506249919999,technique_timing
magic,1500,KSDDM_90,drift_detection,0.4427128750248812,technique_timing
magic,1500,JSDDM,drift_detection,0.19525366599555127,technique_timing
magic,2000,HDDDM,drift_detection,0.1925048330158461,technique_timing
magic,2000,KSDDM_95,drift_detection,0.4033194159856066,technique_timing
magic,2000,KSDDM_90,drift_detection,0.4102967090148013,technique_timing
magic,2000,JSDDM,drift_detection,0.17572545900475234,technique_timing
magic,2500,HDDDM,drift_detection,0.26918662499519996,technique_timing
magic,2500,KSDDM_95,drift_detection,0.4135982080188114,technique_timing
magic,2500,KSDDM_90,drift_detection,0.4189338749856688,technique_timing
magic,2500,JSDDM,drift_detection,0.1681864160054829,technique_timing
Abrupt (imbal.),1000,HDDDM,drift_detection,10.360665707994485,technique_timing
Abrupt (imbal.),1000,KSDDM_95,drift_detection,35.95584670800599,technique_timing
Abrupt (imbal.),1000,KSDDM_90,drift_detection,34.27536566602066,technique_timing
Abrupt (imbal.),1000,JSDDM,drift_detection,8.996661790995859,technique_timing
Abrupt (imbal.),1500,HDDDM,drift_detection,8.385304458002793,technique_timing
Abrupt (imbal.),1500,KSDDM_95,drift_detection,30.040989666013047,technique_timing
Abrupt (imbal.),1500,KSDDM_90,drift_detection,27.595297541003674,technique_timing
Abrupt (imbal.),1500,JSDDM,drift_detection,7.443803000001935,technique_timing
Abrupt (imbal.),2000,HDDDM,drift_detection,7.963011874991935,technique_timing
Abrupt (imbal.),2000,KSDDM_95,drift_detection,29.365158290980617,technique_timing
Abrupt (imbal.),2000,KSDDM_90,drift_detection,28.445070583024062,technique_timing
Abrupt (imbal.),2000,JSDDM,drift_detection,6.828027124982327,technique_timing
Abrupt (imbal.),2500,HDDDM,drift_detection,8.101607125019655,technique_timing
Abrupt (imbal.),2500,KSDDM_95,drift_detection,28.872208334010793,technique_timing
Abrupt (imbal.),2500,KSDDM_90,drift_detection,27.37396266698488,technique_timing
Abrupt (imbal.),2500,JSDDM,drift_detection,6.547002541017719,technique_timing
Abrupt (bal.),1000,HDDDM,drift_detection,2.0810283750179224,technique_timing
Abrupt (bal.),1000,KSDDM_95,drift_detection,4.964509124984033,technique_timing
Abrupt (bal.),1000,KSDDM_90,drift_detection,4.497365584014915,technique_timing
Abrupt (bal.),1000,JSDDM,drift_detection,1.8263729580212384,technique_timing
Abrupt (bal.),1500,HDDDM,drift_detection,1.7477044580155052,technique_timing
Abrupt (bal.),1500,KSDDM_95,drift_detection,4.244192459009355,technique_timing
Abrupt (bal.),1500,KSDDM_90,drift_detection,3.9784467499994207,technique_timing
Abrupt (bal.),1500,JSDDM,drift_detection,1.5071479170001112,technique_timing
Abrupt (bal.),2000,HDDDM,drift_detection,1.6572748749749735,technique_timing
Abrupt (bal.),2000,KSDDM_95,drift_detection,4.109468207985628,technique_timing
Abrupt (bal.),2000,KSDDM_90,drift_detection,4.0879987080115825,technique_timing
Abrupt (bal.),2000,JSDDM,drift_detection,1.4835154580068775,technique_timing
Abrupt (bal.),2500,HDDDM,drift_detection,1.4826467919920105,technique_timing
Abrupt (bal.),2500,KSDDM_95,drift_detection,3.99292829100159,technique_timing
Abrupt (bal.),2500,KSDDM_90,drift_detection,3.7031154169817455,technique_timing
Abrupt (bal.),2500,JSDDM,drift_detection,1.2249704169807956,technique_timing
Incremental (bal.),1000,HDDDM,drift_detection,1.6967569999978878,technique_timing
Incremental (bal.),1000,KSDDM_95,drift_detection,4.075380750000477,technique_timing
Incremental (bal.),1000,KSDDM_90,drift_detection,3.9102158339810558,technique_timing
Incremental (bal.),1000,JSDDM,drift_detection,1.3554809170018416,technique_timing
Incremental (bal.),1500,HDDDM,drift_detection,1.3489767499850132,technique_timing
Incremental (bal.),1500,KSDDM_95,drift_detection,3.9026486669899896,technique_timing
Incremental (bal.),1500,KSDDM_90,drift_detection,3.840450707997661,technique_timing
Incremental (bal.),1500,JSDDM,drift_detection,1.1271496250119526,technique_timing
Incremental (bal.),2000,HDDDM,drift_detection,1.2230264999961946,technique_timing
Incremental (bal.),2000,KSDDM_95,drift_detection,3.6512526249862276,technique_timing
Incremental (bal.),2000,KSDDM_90,drift_detection,3.3809082089865115,technique_timing
Incremental (bal.),2000,JSDDM,drift_detection,1.0851777080097236,technique_timing
Incremental (bal.),2500,HDDDM,drift_detection,1.1658795420080423,technique_timing
Incremental (bal.),2500,KSDDM_95,drift_detection,3.2876650000107475,technique_timing
Incremental (bal.),2500,KSDDM_90,drift_detection,3.3693657080002595,technique_timing
Incremental (bal.),2500,JSDDM,drift_detection,1.0380618750059512,technique_timing
Incremental (imbal.),1000,HDDDM,drift_detection,10.864221499999985,technique_timing
Incremental (imbal.),1000,KSDDM_95,drift_detection,52.3258622919966,technique_timing
Incremental (imbal.),1000,KSDDM_90,drift_detection,37.96091229200829,technique_timing
Incremental (imbal.),1000,JSDDM,drift_detection,9.589525666990085,technique_timing
Incremental (imbal.),1500,HDDDM,drift_detection,8.698138666979503,technique_timing
Incremental (imbal.),1500,KSDDM_95,drift_detection,43.175041999988025,technique_timing
Incremental (imbal.),1500,KSDDM_90,drift_detection,33.35810491599841,technique_timing
Incremental (imbal.),1500,JSDDM,drift_detection,7.348606916988501,technique_timing
Incremental (imbal.),2000,HDDDM,drift_detection,7.906827583006816,technique_timing
Incremental (imbal.),2000,KSDDM_95,drift_detection,32.40140299999621,technique_timing
Incremental (imbal.),2000,KSDDM_90,drift_detection,28.566355332994135,technique_timing
Incremental (imbal.),2000,JSDDM,drift_detection,6.572176374989795,technique_timing
Incremental (imbal.),2500,HDDDM,drift_detection,7.2707600420108065,technique_timing
Incremental (imbal.),2500,KSDDM_95,drift_detection,29.711614750005538,technique_timing
Incremental (imbal.),2500,KSDDM_90,drift_detection,29.43734162498731,technique_timing
Incremental (imbal.),2500,JSDDM,drift_detection,6.505964249983663,technique_timing
Incremental-gradual (bal.),1000,HDDDM,drift_detection,0.7411525409843307,technique_timing
Incremental-gradual (bal.),1000,KSDDM_95,drift_detection,1.9887230829917826,technique_timing
Incremental-gradual (bal.),1000,KSDDM_90,drift_detection,1.8199019169842359,technique_timing
Incremental-gradual (bal.),1000,JSDDM,drift_detection,0.6662970409961417,technique_timing
Incremental-gradual (bal.),1500,HDDDM,drift_detection,0.6236443749803584,technique_timing
Incremental-gradual (bal.),1500,KSDDM_95,drift_detection,2.39508937500068,technique_timing
Incremental-gradual (bal.),1500,KSDDM_90,drift_detection,2.4443293329968583,technique_timing
Incremental-gradual (bal.),1500,JSDDM,drift_detection,0.5584476669901051,technique_timing
Incremental-gradual (bal.),2000,HDDDM,drift_detection,0.5896219160058536,technique_timing
Incremental-gradual (bal.),2000,KSDDM_95,drift_detection,2.052599042013753,technique_timing
Incremental-gradual (bal.),2000,KSDDM_90,drift_detection,2.019829833006952,technique_timing
Incremental-gradual (bal.),2000,JSDDM,drift_detection,0.5245458330027759,technique_timing
Incremental-gradual (bal.),2500,HDDDM,drift_detection,0.5927795410098042,technique_timing
Incremental-gradual (bal.),2500,KSDDM_95,drift_detection,2.1969525839958806,technique_timing
Incremental-gradual (bal.),2500,KSDDM_90,drift_detection,2.211138916987693,technique_timing
Incremental-gradual (bal.),2500,JSDDM,drift_detection,0.49364958301885054,technique_timing
Incremental-gradual (imbal.),1000,HDDDM,drift_detection,3.2205584579787683,technique_timing
Incremental-gradual (imbal.),1000,KSDDM_95,drift_detection,12.139491708978312,technique_timing
Incremental-gradual (imbal.),1000,KSDDM_90,drift_detection,11.098142625007313,technique_timing
Incremental-gradual (imbal.),1000,JSDDM,drift_detection,2.796812125016004,technique_timing
Incremental-gradual (imbal.),1500,HDDDM,drift_detection,2.6978438340011053,technique_timing
Incremental-gradual (imbal.),1500,KSDDM_95,drift_detection,10.198768000002019,technique_timing
Incremental-gradual (imbal.),1500,KSDDM_90,drift_detection,9.624489750014618,technique_timing
Incremental-gradual (imbal.),1500,JSDDM,drift_detection,2.3710776660009287,technique_timing
Incremental-gradual (imbal.),2000,HDDDM,drift_detection,2.544861582980957,technique_timing
Incremental-gradual (imbal.),2000,KSDDM_95,drift_detection,9.49078329099575,technique_timing
Incremental-gradual (imbal.),2000,KSDDM_90,drift_detection,8.977550500014331,technique_timing
Incremental-gradual (imbal.),2000,JSDDM,drift_detection,2.1794417909986805,technique_timing
Incremental-gradual (imbal.),2500,HDDDM,drift_detection,2.31293329197797,technique_timing
Incremental-gradual (imbal.),2500,KSDDM_95,drift_detection,9.024776667007245,technique_timing
Incremental-gradual (imbal.),2500,KSDDM_90,drift_detection,8.921953791985288,technique_timing
Incremental-gradual (imbal.),2500,JSDDM,drift_detection,2.163587707997067,technique_timing
Incremental-abrupt-reoccurring (bal.),1000,HDDDM,drift_detection,1.4224657919839956,technique_timing
Incremental-abrupt-reoccurring (bal.),1000,KSDDM_95,drift_detection,4.139367124997079,technique_timing
Incremental-abrupt-reoccurring (bal.),1000,KSDDM_90,drift_detection,3.801153125008568,technique_timing
Incremental-abrupt-reoccurring (bal.),1000,JSDDM,drift_detection,1.2030509169853758,technique_timing
Incremental-abrupt-reoccurring (bal.),1500,HDDDM,drift_detection,1.1591804579948075,technique_timing
Incremental-abrupt-reoccurring (bal.),1500,KSDDM_95,drift_detection,4.077798167010769,technique_timing
Incremental-abrupt-reoccurring (bal.),1500,KSDDM_90,drift_detection,3.1860052499978337,technique_timing
Incremental-abrupt-reoccurring (bal.),1500,JSDDM,drift_detection,1.0100437910004985,technique_timing
Incremental-abrupt-reoccurring (bal.),2000,HDDDM,drift_detection,1.0488675000087824,technique_timing
Incremental-abrupt-reoccurring (bal.),2000,KSDDM_95,drift_detection,4.104558749997523,technique_timing
Incremental-abrupt-reoccurring (bal.),2000,KSDDM_90,drift_detection,4.122548499988625,technique_timing
Incremental-abrupt-reoccurring (bal.),2000,JSDDM,drift_detection,0.9241908749972936,technique_timing
Incremental-abrupt-reoccurring (bal.),2500,HDDDM,drift_detection,1.0758929169969633,technique_timing
Incremental-abrupt-reoccurring (bal.),2500,KSDDM_95,drift_detection,3.160923792020185,technique_timing
Incremental-abrupt-reoccurring (bal.),2500,KSDDM_90,drift_detection,3.110839750006562,technique_timing
Incremental-abrupt-reoccurring (bal.),2500,JSDDM,drift_detection,0.9296342089946847,technique_timing
Incremental-abrupt-reoccurring (imbal.),1000,HDDDM,drift_detection,8.528782582987333,technique_timing
Incremental-abrupt-reoccurring (imbal.),1000,KSDDM_95,drift_detection,37.247875708009815,technique_timing
Incremental-abrupt-reoccurring (imbal.),1000,KSDDM_90,drift_detection,32.11645450000651,technique_timing
Incremental-abrupt-reoccurring (imbal.),1000,JSDDM,drift_detection,7.549617665994447,technique_timing
Incremental-abrupt-reoccurring (imbal.),1500,HDDDM,drift_detection,6.914823958999477,technique_timing
Incremental-abrupt-reoccurring (imbal.),1500,KSDDM_95,drift_detection,30.166599125019275,technique_timing
Incremental-abrupt-reoccurring (imbal.),1500,KSDDM_90,drift_detection,23.885457333992235,technique_timing
Incremental-abrupt-reoccurring (imbal.),1500,JSDDM,drift_detection,5.76670804200694,technique_timing
Incremental-abrupt-reoccurring (imbal.),2000,HDDDM,drift_detection,5.897401916998206,technique_timing
Incremental-abrupt-reoccurring (imbal.),2000,KSDDM_95,drift_detection,26.912819209013833,technique_timing
Incremental-abrupt-reoccurring (imbal.),2000,KSDDM_90,drift_detection,22.80501599999843,technique_timing
Incremental-abrupt-reoccurring (imbal.),2000,JSDDM,drift_detection,5.349123040999984,technique_timing
Incremental-abrupt-reoccurring (imbal.),2500,HDDDM,drift_detection,5.716534709004918,technique_timing
Incremental-abrupt-reoccurring (imbal.),2500,KSDDM_95,drift_detection,24.399064124998404,technique_timing
Incremental-abrupt-reoccurring (imbal.),2500,KSDDM_90,drift_detection,23.70448762498563,technique_timing
Incremental-abrupt-reoccurring (imbal.),2500,JSDDM,drift_detection,5.012938041007146,technique_timing
Incremental-reoccurring (bal.),1000,HDDDM,drift_detection,1.956614416994853,technique_timing
Incremental-reoccurring (bal.),1000,KSDDM_95,drift_detection,4.678404167003464,technique_timing
Incremental-reoccurring (bal.),1000,KSDDM_90,drift_detection,4.386138417001348,technique_timing
Incremental-reoccurring (bal.),1000,JSDDM,drift_detection,1.7534212919999845,technique_timing
Incremental-reoccurring (bal.),1500,HDDDM,drift_detection,1.6810318749921862,technique_timing
Incremental-reoccurring (bal.),1500,KSDDM_95,drift_detection,4.553861666994635,technique_timing
Incremental-reoccurring (bal.),1500,KSDDM_90,drift_detection,4.023712584021268,technique_timing
Incremental-reoccurring (bal.),1500,JSDDM,drift_detection,1.5009176250023302,technique_timing
Incremental-reoccurring (bal.),2000,HDDDM,drift_detection,1.5899682080198545,technique_timing
Incremental-reoccurring (bal.),2000,KSDDM_95,drift_detection,3.7978440829901956,technique_timing
Incremental-reoccurring (bal.),2000,KSDDM_90,drift_detection,3.093222291005077,technique_timing
Incremental-reoccurring (bal.),2000,JSDDM,drift_detection,1.4608767500030808,technique_timing
Incremental-reoccurring (bal.),2500,HDDDM,drift_detection,1.41759812500095,technique_timing
Incremental-reoccurring (bal.),2500,KSDDM_95,drift_detection,4.579944208991947,technique_timing
Incremental-reoccurring (bal.),2500,KSDDM_90,drift_detection,4.426592167001218,technique_timing
Incremental-reoccurring (bal.),2500,JSDDM,drift_detection,1.2783312920073513,technique_timing
Incremental-reoccurring (imbal.),1000,HDDDM,drift_detection,9.97006799999508,technique_timing
Incremental-reoccurring (imbal.),1000,KSDDM_95,drift_detection,35.210775457991986,technique_timing
Incremental-reoccurring (imbal.),1000,KSDDM_90,drift_detection,32.756358375016134,technique_timing
Incremental-reoccurring (imbal.),1000,JSDDM,drift_detection,8.792543541028863,technique_timing
Incremental-reoccurring (imbal.),1500,HDDDM,drift_detection,8.558212291012751,technique_timing
Incremental-reoccurring (imbal.),1500,KSDDM_95,drift_detection,28.664483708998887,technique_timing
Incremental-reoccurring (imbal.),1500,KSDDM_90,drift_detection,27.045294250012375,technique_timing
Incremental-reoccurring (imbal.),1500,JSDDM,drift_detection,7.388597540993942,technique_timing
Incremental-reoccurring (imbal.),2000,HDDDM,drift_detection,7.8872830840118695,technique_timing
Incremental-reoccurring (imbal.),2000,KSDDM_95,drift_detection,29.49541100001079,technique_timing
Incremental-reoccurring (imbal.),2000,KSDDM_90,drift_detection,28.128107291995548,technique_timing
Incremental-reoccurring (imbal.),2000,JSDDM,drift_detection,6.726997541991295,technique_timing
Incremental-reoccurring (imbal.),2500,HDDDM,drift_detection,7.213832083012676,technique_timing
Incremental-reoccurring (imbal.),2500,KSDDM_95,drift_detection,28.34392858299543,technique_timing
Incremental-reoccurring (imbal.),2500,KSDDM_90,drift_detection,27.904572833009297,technique_timing
Incremental-reoccurring (imbal.),2500,JSDDM,drift_detection,6.613960375019815,technique_timing
synthetic_dataset_with_parallel_drifts_abrupt,1000,ALL,evaluation,0.9698483340034727,phase_timing
synthetic_dataset_with_parallel_drifts_abrupt,1000,ALL,visualization,0.0,phase_timing
synthetic_dataset_with_parallel_drifts_abrupt,1000,ALL,total,5.404440625017742,batch_total
synthetic_dataset_with_parallel_drifts_abrupt,1500,ALL,evaluation,0.8859202080057003,phase_timing
synthetic_dataset_with_parallel_drifts_abrupt,1500,ALL,visualization,0.0,phase_timing
synthetic_dataset_with_parallel_drifts_abrupt,1500,ALL,total,4.200249291025102,batch_total
synthetic_dataset_with_parallel_drifts_abrupt,2000,ALL,evaluation,0.8314954999950714,phase_timing
synthetic_dataset_with_parallel_drifts_abrupt,2000,ALL,visualization,0.0,phase_timing
synthetic_dataset_with_parallel_drifts_abrupt,2000,ALL,total,3.7691584170097485,batch_total
synthetic_dataset_with_parallel_drifts_abrupt,2500,ALL,evaluation,0.8477676249749493,phase_timing
synthetic_dataset_with_parallel_drifts_abrupt,2500,ALL,visualization,0.0,phase_timing
synthetic_dataset_with_parallel_drifts_abrupt,2500,ALL,total,4.239489207975566,batch_total
synthetic_dataset_with_switching_drifts_incremental,1000,ALL,evaluation,1.0073832090129144,phase_timing
synthetic_dataset_with_switching_drifts_incremental,1000,ALL,visualization,0.0,phase_timing
synthetic_dataset_with_switching_drifts_incremental,1000,ALL,total,4.28130958401016,batch_total
synthetic_dataset_with_switching_drifts_incremental,1500,ALL,evaluation,0.9025275000021793,phase_timing
synthetic_dataset_with_switching_drifts_incremental,1500,ALL,visualization,0.0,phase_timing
synthetic_dataset_with_switching_drifts_incremental,1500,ALL,total,3.6454717080050614,batch_total
synthetic_dataset_with_switching_drifts_incremental,2000,ALL,evaluation,0.8052812919777352,phase_timing
synthetic_dataset_with_switching_drifts_incremental,2000,ALL,visualization,0.0,phase_timing
synthetic_dataset_with_switching_drifts_incremental,2000,ALL,total,3.403596250980627,batch_total
synthetic_dataset_with_switching_drifts_incremental,2500,ALL,evaluation,0.739354249992175,phase_timing
synthetic_dataset_with_switching_drifts_incremental,2500,ALL,visualization,0.0,phase_timing
synthetic_dataset_with_switching_drifts_incremental,2500,ALL,total,2.992326707986649,batch_total
synthetic_dataset_with_parallel_drifts_incremental,1000,ALL,evaluation,0.9157567079819273,phase_timing
synthetic_dataset_with_parallel_drifts_incremental,1000,ALL,visualization,0.0,phase_timing
synthetic_dataset_with_parallel_drifts_incremental,1000,ALL,total,5.087151665997226,batch_total
synthetic_dataset_with_parallel_drifts_incremental,1500,ALL,evaluation,0.935145833005663,phase_timing
synthetic_dataset_with_parallel_drifts_incremental,1500,ALL,visualization,0.0,phase_timing
synthetic_dataset_with_parallel_drifts_incremental,1500,ALL,total,4.064858083002036,batch_total
synthetic_dataset_with_parallel_drifts_incremental,2000,ALL,evaluation,0.7923796250252053,phase_timing
synthetic_dataset_with_parallel_drifts_incremental,2000,ALL,visualization,0.0,phase_timing
synthetic_dataset_with_parallel_drifts_incremental,2000,ALL,total,3.645021541044116,batch_total
synthetic_dataset_with_parallel_drifts_incremental,2500,ALL,evaluation,0.7299149169994052,phase_timing
synthetic_dataset_with_parallel_drifts_incremental,2500,ALL,visualization,0.0,phase_timing
synthetic_dataset_with_parallel_drifts_incremental,2500,ALL,total,3.6063792500062846,batch_total
synthetic_dataset_with_switching_drifts_abrupt,1000,ALL,evaluation,0.9442212089779787,phase_timing
synthetic_dataset_with_switching_drifts_abrupt,1000,ALL,visualization,0.0,phase_timing
synthetic_dataset_with_switching_drifts_abrupt,1000,ALL,total,4.508219166978961,batch_total
synthetic_dataset_with_switching_drifts_abrupt,1500,ALL,evaluation,0.8966955409850925,phase_timing
synthetic_dataset_with_switching_drifts_abrupt,1500,ALL,visualization,0.0,phase_timing
synthetic_dataset_with_switching_drifts_abrupt,1500,ALL,total,3.9607689989788923,batch_total
synthetic_dataset_with_switching_drifts_abrupt,2000,ALL,evaluation,0.7978812090004794,phase_timing
synthetic_dataset_with_switching_drifts_abrupt,2000,ALL,visualization,0.0,phase_timing
synthetic_dataset_with_switching_drifts_abrupt,2000,ALL,total,3.745139751001261,batch_total
synthetic_dataset_with_switching_drifts_abrupt,2500,ALL,evaluation,0.7389707500115037,phase_timing
synthetic_dataset_with_switching_drifts_abrupt,2500,ALL,visualization,0.0,phase_timing
synthetic_dataset_with_switching_drifts_abrupt,2500,ALL,total,3.4307728330022655,batch_total
synthetic_dataset_no_drifts,1000,ALL,evaluation,1.008551458013244,phase_timing
synthetic_dataset_no_drifts,1000,ALL,visualization,0.0,phase_timing
synthetic_dataset_no_drifts,1000,ALL,total,5.635540625022259,batch_total
synthetic_dataset_no_drifts,1500,ALL,evaluation,0.8820452080108225,phase_timing
synthetic_dataset_no_drifts,1500,ALL,visualization,0.0,phase_timing
synthetic_dataset_no_drifts,1500,ALL,total,4.655113832995994,batch_total
synthetic_dataset_no_drifts,2000,ALL,evaluation,0.9317959580221213,phase_timing
synthetic_dataset_no_drifts,2000,ALL,visualization,0.0,phase_timing
synthetic_dataset_no_drifts,2000,ALL,total,4.481552458018996,batch_total
synthetic_dataset_no_drifts,2500,ALL,evaluation,0.7713646249903832,phase_timing
synthetic_dataset_no_drifts,2500,ALL,visualization,0.0,phase_timing
synthetic_dataset_no_drifts,2500,ALL,total,3.6480814999958966,batch_total
MULTISTAGGER,1000,ALL,evaluation,0.9005724579910748,phase_timing
MULTISTAGGER,1000,ALL,visualization,0.0,phase_timing
MULTISTAGGER,1000,ALL,total,3.121494958002586,batch_total
MULTISTAGGER,1500,ALL,evaluation,0.7498738330032211,phase_timing
MULTISTAGGER,1500,ALL,visualization,0.0,phase_timing
MULTISTAGGER,1500,ALL,total,2.521394583018264,batch_total
MULTISTAGGER,2000,ALL,evaluation,0.7140587919857353,phase_timing
MULTISTAGGER,2000,ALL,visualization,0.0,phase_timing
MULTISTAGGER,2000,ALL,total,2.4222505839716177,batch_total
MULTISTAGGER,2500,ALL,evaluation,0.8942128329945263,phase_timing
MULTISTAGGER,2500,ALL,visualization,0.0,phase_timing
MULTISTAGGER,2500,ALL,total,2.591097249998711,batch_total
MULTISEA,1000,ALL,evaluation,0.668486791983014,phase_timing
MULTISEA,1000,ALL,visualization,0.0,phase_timing
MULTISEA,1000,ALL,total,2.982305249955971,batch_total
MULTISEA,1500,ALL,evaluation,0.6604464999982156,phase_timing
MULTISEA,1500,ALL,visualization,0.0,phase_timing
MULTISEA,1500,ALL,total,2.5792913750046864,batch_total
MULTISEA,2000,ALL,evaluation,0.5712119170057122,phase_timing
MULTISEA,2000,ALL,visualization,0.0,phase_timing
MULTISEA,2000,ALL,total,2.4174722509924322,batch_total
MULTISEA,2500,ALL,evaluation,0.6453684580046684,phase_timing
MULTISEA,2500,ALL,visualization,0.0,phase_timing
MULTISEA,2500,ALL,total,2.363311999011785,batch_total
SEA,1000,ALL,evaluation,0.7506117079756223,phase_timing
SEA,1000,ALL,visualization,0.0,phase_timing
SEA,1000,ALL,total,3.222985249973135,batch_total
SEA,1500,ALL,evaluation,0.6734505829808768,phase_timing
SEA,1500,ALL,visualization,0.0,phase_timing
SEA,1500,ALL,total,2.7563389579590876,batch_total
SEA,2000,ALL,evaluation,0.6927854589885101,phase_timing
SEA,2000,ALL,visualization,0.0,phase_timing
SEA,2000,ALL,total,2.562243916996522,batch_total
SEA,2500,ALL,evaluation,0.603980459010927,phase_timing
SEA,2500,ALL,visualization,0.0,phase_timing
SEA,2500,ALL,total,2.1845727509935386,batch_total
STAGGER,1000,ALL,evaluation,0.9263411249849014,phase_timing
STAGGER,1000,ALL,visualization,0.0,phase_timing
STAGGER,1000,ALL,total,3.058764291985426,batch_total
STAGGER,1500,ALL,evaluation,0.7816390410007443,phase_timing
STAGGER,1500,ALL,visualization,0.0,phase_timing
STAGGER,1500,ALL,total,2.5277092489995994,batch_total
STAGGER,2000,ALL,evaluation,0.801818000007188,phase_timing
STAGGER,2000,ALL,visualization,0.0,phase_timing
STAGGER,2000,ALL,total,2.4581732080259826,batch_total
STAGGER,2500,ALL,evaluation,0.8270457079925109,phase_timing
STAGGER,2500,ALL,visualization,0.0,phase_timing
STAGGER,2500,ALL,total,2.328108207992045,batch_total
electricity,1000,ALL,evaluation,0.5571004590019584,phase_timing
electricity,1000,ALL,visualization,0.0,phase_timing
electricity,1000,ALL,total,2.698392125981627,batch_total
electricity,1500,ALL,evaluation,0.48466870898846537,phase_timing
electricity,1500,ALL,visualization,0.0,phase_timing
electricity,1500,ALL,total,2.3064397090056445,batch_total
electricity,2000,ALL,evaluation,0.42324216599809006,phase_timing
electricity,2000,ALL,visualization,0.0,phase_timing
electricity,2000,ALL,total,2.1943905829975847,batch_total
electricity,2500,ALL,evaluation,0.3995871250226628,phase_timing
electricity,2500,ALL,visualization,0.0,phase_timing
electricity,2500,ALL,total,2.062704375013709,batch_total
magic,1000,ALL,evaluation,0.26412158299353905,phase_timing
magic,1000,ALL,visualization,0.0,phase_timing
magic,1000,ALL,total,1.8357408329902682,batch_total
magic,1500,ALL,evaluation,0.2510332080128137,phase_timing
magic,1500,ALL,visualization,0.0,phase_timing
magic,1500,ALL,total,1.627859124011593,batch_total
magic,2000,ALL,evaluation,0.23534945800201967,phase_timing
magic,2000,ALL,visualization,0.0,phase_timing
magic,2000,ALL,total,1.4172853329801,batch_total
magic,2500,ALL,evaluation,0.20622787499451078,phase_timing
magic,2500,ALL,visualization,0.0,phase_timing
magic,2500,ALL,total,1.4762163329869509,batch_total
Abrupt (imbal.),1000,ALL,evaluation,25.761742000002414,phase_timing
Abrupt (imbal.),1000,ALL,visualization,0.0,phase_timing
Abrupt (imbal.),1000,ALL,total,115.35040300001856,batch_total
Abrupt (imbal.),1500,ALL,evaluation,27.42519637499936,phase_timing
Abrupt (imbal.),1500,ALL,visualization,0.0,phase_timing
Abrupt (imbal.),1500,ALL,total,100.89081599999918,batch_total
Abrupt (imbal.),2000,ALL,evaluation,27.0544766660023,phase_timing
Abrupt (imbal.),2000,ALL,visualization,0.0,phase_timing
Abrupt (imbal.),2000,ALL,total,99.6558425000112,batch_total
Abrupt (imbal.),2500,ALL,evaluation,26.643003000004683,phase_timing
Abrupt (imbal.),2500,ALL,visualization,0.0,phase_timing
Abrupt (imbal.),2500,ALL,total,97.53792537501431,batch_total
Abrupt (bal.),1000,ALL,evaluation,4.2974574160180055,phase_timing
Abrupt (bal.),1000,ALL,visualization,0.0,phase_timing
Abrupt (bal.),1000,ALL,total,17.66683370701503,batch_total
Abrupt (bal.),1500,ALL,evaluation,4.584155791992089,phase_timing
Abrupt (bal.),1500,ALL,visualization,0.0,phase_timing
Abrupt (bal.),1500,ALL,total,16.061729000968626,batch_total
Abrupt (bal.),2000,ALL,evaluation,5.0478162500076,phase_timing
Abrupt (bal.),2000,ALL,visualization,0.0,phase_timing
Abrupt (bal.),2000,ALL,total,16.38615266699344,batch_total
Abrupt (bal.),2500,ALL,evaluation,4.603769207984442,phase_timing
Abrupt (bal.),2500,ALL,visualization,0.0,phase_timing
Abrupt (bal.),2500,ALL,total,15.007515332981711,batch_total
Incremental (bal.),1000,ALL,evaluation,3.0977213339938316,phase_timing
Incremental (bal.),1000,ALL,visualization,0.0,phase_timing
Incremental (bal.),1000,ALL,total,14.135633375000907,batch_total
Incremental (bal.),1500,ALL,evaluation,3.5219091670005582,phase_timing
Incremental (bal.),1500,ALL,visualization,0.0,phase_timing
Incremental (bal.),1500,ALL,total,13.741220916999737,batch_total
Incremental (bal.),2000,ALL,evaluation,3.4845904170069844,phase_timing
Incremental (bal.),2000,ALL,visualization,0.0,phase_timing
Incremental (bal.),2000,ALL,total,12.825037292030174,batch_total
Incremental (bal.),2500,ALL,evaluation,4.513857207988622,phase_timing
Incremental (bal.),2500,ALL,visualization,0.0,phase_timing
Incremental (bal.),2500,ALL,total,13.374911165999947,batch_total
Incremental (imbal.),1000,ALL,evaluation,24.806601917021908,phase_timing
Incremental (imbal.),1000,ALL,visualization,0.0,phase_timing
Incremental (imbal.),1000,ALL,total,135.54721150101977,batch_total
Incremental (imbal.),1500,ALL,evaluation,24.822150958003476,phase_timing
Incremental (imbal.),1500,ALL,visualization,0.0,phase_timing
Incremental (imbal.),1500,ALL,total,117.40221545801614,batch_total
Incremental (imbal.),2000,ALL,evaluation,25.255171541997697,phase_timing
Incremental (imbal.),2000,ALL,visualization,0.0,phase_timing
Incremental (imbal.),2000,ALL,total,100.70204987499164,batch_total
Incremental (imbal.),2500,ALL,evaluation,24.490745791990776,phase_timing
Incremental (imbal.),2500,ALL,visualization,0.0,phase_timing
Incremental (imbal.),2500,ALL,total,97.41651124999044,batch_total
Incremental-gradual (bal.),1000,ALL,evaluation,1.285751707997406,phase_timing
Incremental-gradual (bal.),1000,ALL,visualization,0.0,phase_timing
Incremental-gradual (bal.),1000,ALL,total,6.501909207989229,batch_total
Incremental-gradual (bal.),1500,ALL,evaluation,1.5103195830015466,phase_timing
Incremental-gradual (bal.),1500,ALL,visualization,0.0,phase_timing
Incremental-gradual (bal.),1500,ALL,total,7.531909458019072,batch_total
Incremental-gradual (bal.),2000,ALL,evaluation,1.5528131250175647,phase_timing
Incremental-gradual (bal.),2000,ALL,visualization,0.0,phase_timing
Incremental-gradual (bal.),2000,ALL,total,6.739490541018313,batch_total
Incremental-gradual (bal.),2500,ALL,evaluation,1.4597162079880945,phase_timing
Incremental-gradual (bal.),2500,ALL,visualization,0.0,phase_timing
Incremental-gradual (bal.),2500,ALL,total,6.954324041988002,batch_total
Incremental-gradual (imbal.),1000,ALL,evaluation,7.582412207993912,phase_timing
Incremental-gradual (imbal.),1000,ALL,visualization,0.0,phase_timing
Incremental-gradual (imbal.),1000,ALL,total,36.83750808300101,batch_total
Incremental-gradual (imbal.),1500,ALL,evaluation,7.973925917001907,phase_timing
Incremental-gradual (imbal.),1500,ALL,visualization,0.0,phase_timing
Incremental-gradual (imbal.),1500,ALL,total,32.86618295899825,batch_total
Incremental-gradual (imbal.),2000,ALL,evaluation,7.749453833006555,phase_timing
Incremental-gradual (imbal.),2000,ALL,visualization,0.0,phase_timing
Incremental-gradual (imbal.),2000,ALL,total,30.94216733300709,batch_total
Incremental-gradual (imbal.),2500,ALL,evaluation,8.463058916997397,phase_timing
Incremental-gradual (imbal.),2500,ALL,visualization,0.0,phase_timing
Incremental-gradual (imbal.),2500,ALL,total,30.88639129200601,batch_total
Incremental-abrupt-reoccurring (bal.),1000,ALL,evaluation,2.9042956250195857,phase_timing
Incremental-abrupt-reoccurring (bal.),1000,ALL,visualization,0.0,phase_timing
Incremental-abrupt-reoccurring (bal.),1000,ALL,total,13.470414292009082,batch_total
Incremental-abrupt-reoccurring (bal.),1500,ALL,evaluation,3.60335366599611,phase_timing
Incremental-abrupt-reoccurring (bal.),1500,ALL,visualization,0.0,phase_timing
Incremental-abrupt-reoccurring (bal.),1500,ALL,total,13.036457083013374,batch_total
Incremental-abrupt-reoccurring (bal.),2000,ALL,evaluation,3.063420542021049,phase_timing
Incremental-abrupt-reoccurring (bal.),2000,ALL,visualization,0.0,phase_timing
Incremental-abrupt-reoccurring (bal.),2000,ALL,total,13.263664334022906,batch_total
Incremental-abrupt-reoccurring (bal.),2500,ALL,evaluation,3.0535670420213137,phase_timing
Incremental-abrupt-reoccurring (bal.),2500,ALL,visualization,0.0,phase_timing
Incremental-abrupt-reoccurring (bal.),2500,ALL,total,11.33093608400668,batch_total
Incremental-abrupt-reoccurring (imbal.),1000,ALL,evaluation,19.876661666989094,phase_timing
Incremental-abrupt-reoccurring (imbal.),1000,ALL,visualization,0.0,phase_timing
Incremental-abrupt-reoccurring (imbal.),1000,ALL,total,105.31948262499645,batch_total
Incremental-abrupt-reoccurring (imbal.),1500,ALL,evaluation,19.746728333993815,phase_timing
Incremental-abrupt-reoccurring (imbal.),1500,ALL,visualization,0.0,phase_timing
Incremental-abrupt-reoccurring (imbal.),1500,ALL,total,86.48040604198468,batch_total
Incremental-abrupt-reoccurring (imbal.),2000,ALL,evaluation,19.901624624995748,phase_timing
Incremental-abrupt-reoccurring (imbal.),2000,ALL,visualization,0.0,phase_timing
Incremental-abrupt-reoccurring (imbal.),2000,ALL,total,80.86606712499633,batch_total
Incremental-abrupt-reoccurring (imbal.),2500,ALL,evaluation,19.652297249995172,phase_timing
Incremental-abrupt-reoccurring (imbal.),2500,ALL,visualization,0.0,phase_timing
Incremental-abrupt-reoccurring (imbal.),2500,ALL,total,78.48540829200647,batch_total
Incremental-reoccurring (bal.),1000,ALL,evaluation,4.256004249997204,phase_timing
Incremental-reoccurring (bal.),1000,ALL,visualization,0.0,phase_timing
Incremental-reoccurring (bal.),1000,ALL,total,17.03067370801,batch_total
Incremental-reoccurring (bal.),1500,ALL,evaluation,4.5882168330135755,phase_timing
Incremental-reoccurring (bal.),1500,ALL,visualization,0.0,phase_timing
Incremental-reoccurring (bal.),1500,ALL,total,16.347827166027855,batch_total
Incremental-reoccurring (bal.),2000,ALL,evaluation,4.4917791670013685,phase_timing
Incremental-reoccurring (bal.),2000,ALL,visualization,0.0,phase_timing
Incremental-reoccurring (bal.),2000,ALL,total,14.4337717499875,batch_total
Incremental-reoccurring (bal.),2500,ALL,evaluation,4.446619040973019,phase_timing
Incremental-reoccurring (bal.),2500,ALL,visualization,0.0,phase_timing
Incremental-reoccurring (bal.),2500,ALL,total,16.149167331983335,batch_total
Incremental-reoccurring (imbal.),1000,ALL,evaluation,25.817927417025203,phase_timing
Incremental-reoccurring (imbal.),1000,ALL,visualization,0.0,phase_timing
Incremental-reoccurring (imbal.),1000,ALL,total,112.54775612600497,batch_total
Incremental-reoccurring (imbal.),1500,ALL,evaluation,25.853196874988498,phase_timing
Incremental-reoccurring (imbal.),1500,ALL,visualization,0.0,phase_timing
Incremental-reoccurring (imbal.),1500,ALL,total,97.50990991698927,batch_total
Incremental-reoccurring (imbal.),2000,ALL,evaluation,25.468319458013866,phase_timing
Incremental-reoccurring (imbal.),2000,ALL,visualization,0.0,phase_timing
Incremental-reoccurring (imbal.),2000,ALL,total,97.70623054099269,batch_total
Incremental-reoccurring (imbal.),2500,ALL,evaluation,26.369410291983513,phase_timing
Incremental-reoccurring (imbal.),2500,ALL,visualization,0.0,phase_timing
Incremental-reoccurring (imbal.),2500,ALL,total,96.4458114579611,batch_total
ALL,ALL,HDDDM,drift_detection,2.1592768611309503,technique_avg
ALL,ALL,KSDDM_95,drift_detection,8.084669996511366,technique_avg
ALL,ALL,KSDDM_90,drift_detection,7.290925716287304,technique_avg
ALL,ALL,JSDDM,drift_detection,1.8865669533579854,technique_avg
